"name","sequence"
"HQ433692.1 Borrelia burgdorferi strain QLZP1 16S ribosomal RNA gene, partial sequence","AGCATGCAAGTCAAACGAGATGTAGCAATACATCTAGTGGCGAACGGGTGAGTAACGCGTGGATGATCTA
CCTATGAGATGGGGATAACTATTAGAAATAGTAGCTAATACCGAATAAGGTCAATTAATTTGTTAATTGA
TGAAAGGAAGCCTTTAAAGCTTCGCTTGTAGATGAGTCTGCGTCTTATTAGTTAGTTGGTAGGGTAAATG
CCTACCAAGGCGATGATAAGTAACCGGCCTGAGAGGGTGAACGGTCACACTGGAACTGAGACACGGTCCA
GACTCCTACGGGAGGCAGCAGCTAAGAATCTTCCGCAATGGGCGAAAGCCTGACGGAGCGACACTGCGTG
AATGAAGAAGGTCGAAAGATTGTAAAATTCTTTTATAAATGAGGAATAAGCTTTGTAGGAAATGACGAAG
TGATGACGTTAATTTATGAATAAGCCCCGGCTAATTACGTGCCAGCAGCCGCGGTAATACG"
"HQ433694.1 Borrelia burgdorferi strain CS4 16S ribosomal RNA gene, partial sequence","AGCATGCAAGTCAAACGGGATGTAGCAATACATTCAGTGGCGAACGGGTGAGTAACGCGTGGATGATCTA
CCTATGAGATGGGGATAACTATTAGAAATAGTAGCTAATACCGAATAAGGTCAGTTAATTTGTTAATTGA
TGAAAGGAAGCCTTTAAAGCTTCGCTTGTAGATGAGTCTGCGTCTTATTAGCTAGTTGGTAGGGTAAATG
CCTACCAAGGCAATGATAAGTAACCGGCCTGAGAGGGTGAACGGTCACACTGGAACTGAGATACGGTCCA
GACTCCTACGGGAGGCAGCAGCTAAGAATCTTCCGCAATGGGCGAAAGCCTGACGGAGCGACACTGCGTG
AATGAAGAAGGTCGAAAGATTGTAAAATTCTTTTATAAATGAGGAATAAGCTTTGTAGGAAATGACAAAG
TGATGACGTTAATTTATGAATAAGCCCCGGCTAATTACGTGCCAGCAGCAGCGGTAATACG"
"HG433691.1 Chironomus tentans genomic scaffold, ct01_s4927, whole genome shotgun sequence","TGTGGCCAAGTTCACATGGGTGTGTTAAACCACAAAAAAAGTTAATATTCTTTAGCTTTTAAAAATTAAT
TTCAACACAAACAATTTCAATTTATTGAGAATTTCGGACCCAAAAAGCAGCCCAAAAATATTGTTTCAAG
CCTATTTCATAACAAATTTTTCATTGACATTCTTTCTGCTCCAAAATCTACAAAAGGAAAAATTCAATCT
ATATTCTCGATACATTTTTCATTAAAAATTAACAAAATATTGTCTTTTTACATCCTTTTCAGCCTTTTTC
CTTTTCTTTCAAATTCAGCATTTTCCTTTTAGGCATTGAATAAATTTTTATGTCCCCTAAAATTCTTCCC
GGTTCTCGTTTTCTTTGCCAACTTCAAAAGCTTCACCTTTTTATGGTTTTTTCATTGAAAATAAAAGAAA
TTTAAATATTTAAAGTAAGTTTTTTATGCTAAGGAATGAAATTTCTGTTGTGCCAAAAAGTTTGTAGATG
CACACGTGCTAGCCAGCACGAGAAATTTCTTATAAATCAGAAACTTTACTCATTTTGCTTAGTTTTGATC
AAGTTTTGCTCAACTTTTGCTCATTTTGTCTTATTTTCACCCAATTTTAGCTCAGTTTCGTTCAAGTTGA
ACTCAAGTTGTACTCAAGTTTTGCTCAAATTATTTTCAATTTTTGTAAAAAAAATAAACTACATTCAATC
TTAAAGCTTTTAAAGCACACAACATGAACATCTCCAATTTAATTTCTCCCCTCAATTTCATTACTTGACA
ATTCTCTTTTCCCTCATTCCCAATTCCCACCCAAAAAGTCAATTTCATTAAAGTCTATCATCTCTATTGT
CCAAAATCANNNNNNNNNNNNNNNNNNNNNNNNNNNNNNNNNNNNNNNNNNNNNNNNNNNNNNNNNNNNN
NNNNNNNNNNNNNNNNNNNNNNNNNNNNNNNNNNNNNNNNNNNNNNNNNNNNNNNNNNNNNNNNNNNNNN
NNNNNNNNNNNNNNNNNNNNNNNNNNNNNNNNNNNNNNNNNNNNNNNNNNNNNNNNNNNNNNNNNNNNNN
NNNNNNNNNNNNNNNNNNNNNNNNNNNNNNNNNNNNNNNNNNNNNNNNNNNNNNNNNNNNNNNNNNNNNN
NNNNNNNNNNNNNNNNNNNNNNNNNNNNNNNNNNNNNNNNNNNNNNNNNNNNNNNNNNNNNNNNNNNNNN
NNNNNNNNNNNNNNNNNNNNNNNNNNNNNNNNNNNNNNNNNNNNNNNNNNNNNNNNNNNNNNNNNNNNNN
NNNNNNNNNNNNNNNNNNNNNNNNNNNNNNNNNNNNNNNNNNNNNNNNNNNNNNNNNNNNNNNNNNNNNN
NNNNNNNNNNNNNNNNNNNNNNNNNNNNNNNNNNNNNNNNNNNNNNNNNNNNNNNNNNNNNNNNNNNNNN
NNNNNNNNNNNNNNNNNNNNNNNNNNNNNNNNNNNNNNNNNNNNNNNNNNNNNNNNNNNNNNNNNNNNNN
NNNNNNNNNNNNNNNNNNNNNNNNNNNNNNNNNNNNNNNNNNNNNNNNNNNNNNNNNNNNNNNNNNNNNN
NNNNNNNNNNNNNNNNNNNNNNNNNNNNNNNNNNNNNNNNNNNNNNNNNNNNNNNNNNNNNNNNNNNNNN
NNNNNNNNNNNNNNNNNNNNNNNNNNNNNNNNNNNNNNNNNNNNNNNNNNNNNNNNNNNNNNNNNNNNNN
NNNNNNNNNNNNNNNNNNNNNNNNNNNNNNNNNNNNNNNNNNNNNNNNNNNNNNNNNNNNNNNNNNNNNN
NNNNNNNNNNNNNNNNNNNNNNNNNNNNNNNNNNNNNNNNNNNNNNNNNNNNNNNNNNNNNNNNNNNNNN
NNNNNNNNNNNNNNNNNNNNNNNNNNNNNNNNNNNNNNNNNNNNNNNNNNNNNNNNNNNNNNNNNNNNNN
NNNNNNNNNNNNNNNNNNNNNNNNNNNNNNNNNNNNNNNNNNNNNNNNNNNNNNNNNNNNNNNNNNNNNN
NNNNNNNNNNNNNNNNNNNNNNNNNNNNNNNNNNNNNNNNNNNNNNNNNNNNNNNNNNNNNNNNNNNNNN
NNNNNNNNNNNNNNNNNNNNNNNNNNNNNNNNNNNNNNNNNNNNNNNNNNNNNNNNNNNNNNNNNNNNNN
NNNNNNNNNNNNNNNNNNNNNNNNNNNNNNNNNNNNNNNNNNNNNNNNNNNNNNNNNNNNNNNNNNNNNN
NNNNNNNNNNNNNNNNNNNNNNNNNNNNNNNNNNNNNNNNNNNNNNNNNNNNNNNNNNNNNNNNNNNNNN
NNNNNNNNNNNNNNNNNNNNNNNNNNNNNNNNNNNNNNNNNNNNNNNNNNNNNNNNNNNNNNNNNNNNNN
NNNNNNNNNNNNNNNNNNNNNNNNNNNNNNNNNNNNNNNNNNNNNNNNNNNNNNNNNNNNNNNNNNNNNN
NNNNNNNNNNNNNNNNNNNNNNNNNNNNNNNNNNNNNNNNNNNNNNNNNNNNNNNNNNNNNNNNNNNNNN
NNNNNNNNNNNNNNNNNNNNNNNNNNNNNNNNNNNNNNNNNNNNNNNNNNNNNNNNNNNNNNNNNNNNNN
NNNNNNNNNNNNNNNNNNNNNNNNNNNNNNNNNNNNNNNNNNNNNNNNNNNNNNNNNNNNNNNNNNNNNN
NNNNNNNNNNNNNNNNNNNNNNNNNNNNNNNNNNNNNNNNNNNNNNNNNNNNNNNNNNNNNNNNNNNNNN
NNNNNNNNNNNNNNNNNNNNNNNNNNNNNNNNNNNNNNNNNNNNNNNNNNNNNNNNNNNNNNNNNNNNNN
NNNNNNNNNNNNNNNNNNNNNNNNNNNNNNNNNNNNNNNNNNNNNNNNNNNNNNNNNNNNNNNNNNNNNN
NNNNNNNNNNNNNNNNNNNNNNNNNNNNNNNNNNNNNNNNNNNNNNNNNNNNNNNNNNNNNNNNNNNNNN
NNNNNNNNNNNNNNNNNNNNNNNNNNNNNNNNNNNNNNNNNNNNNNNNNNNNNNNNNNNNNNNNNNNNNN
NNNNNNNNNNNNNNNNNNNNNNNNNNNNNNNNNNNNNNNNNNNNNNNNNNNNNNNNNNNNNNNNNNNNNN
NNNNNNNNNNNNNNNNNNNNNNNNNNNNNNNNNNNNNNNNNNNNNNNNNNNNNNNNNNNNNNNNNNNNNN
NNNNNNNNNNNNNNNNNNNNNNNNNNNNNNNNNNNNNNNNNNNNNNNNNNNNNNNNNNNNNNNNNNNNNN
NNNNNNNNNNNNNNNNNNNNNNNNNNNNNNNNNNNNNNNNNNNNNNNNNNNNNNNNNNNNNNNNNNNNNN
NNNNNNNNNNNNNNNNNNNNNNNNNNNNNNNNNNNNNNNNNNNNNNNNNNNNNNNNNNNNNNNNNNNNNN
NNNNNNNNNNNNNNNNNNNNNNNNNNNNNNNNNNNNNNNNNNNNNNNNNNNNNNNNNNNNNNNNNNNNNN
NNNNNNNNNNNNNNNNNNNNNNNNNNNNNNNNNNNNNNNNNNNNNNNNNNNNNNNNNNNNNNNNNNNNNN
NNNNNNNNNNNNNNNNNNNNNNNNNNNNNNNNNNNNNNNNNNNNNNNNNNNNNNNNNNNNNNNNNNNNNN
NNNNNNNNNNNNNNNNNNNNNNNNNNNNNNNNNNNNNNNNNNNNNNNNNNNNNNNNNNNNNNNNNNNNNN
NNNNNNNNNNNNNNNNNNNNNNNNNNNNNNNNNNNNNNNNNNNNNNNNNNNNNNNNNNNNNNNNNNNNNN
NNNNNNNNNNNNNNNNNNNNNNNNNNNNNNNNNNNNNNNNNNNNNNNNNNNNNNNNNNNNNNNNNNNNNN
NNNNNNNNNNNNNNNNNNNNNNNNNNNNNNNNNNNNNNNNNNNNNNNNNNNNNNNNNNNNNNNNNNNNNN
NNNNNNNNNNNNNNNNNNNNNNNNNNNNNNNNNNNNNNNNNNNNNNNNNNNNNNNNNNNNNNNNNNNNNN
NNNNNNNNNNNNNNNNNNNNNNNNNNNNNNNNNNNNNNNNNNNNNNNNNNNNNNNNNNNNNNNNNNNNNN
NNNNNNNNNNNNNNNNNNNNNNNNNNNNNNNNNNNNNNNNNNNNNNNNNNNNNNNNNNNNNNNNNNNNNN
NNNNNNNNNNNNNNNNNNNNNNNNNNNNNNNNNNNNNNNNNNNNNNNNNNNNNNNNNNNNNNNNNNNNNN
NNNNNNNNNNNNNNNNNNNNNNNNNNNNNNNNNNNNNNNNNNNNNNNNNNNNNNNNNNNNNNNNNNNNNN
NNNNNNNNNNNNNNNNNNNNNNNNNNNNNNNNNNNNNNNNNNNNNNNNNNNNNNNNNNNNNNNNNNNNNN
NNNNNNNNNNNNNNNNNNNNNNNNNNNNNNNNNNNNNNNNNNNNNNNNNNNNNNNNNNNNNNNNNNNNNN
NNNNNNNNNNNNNNNNNNNNNNNNNNNNNNNNNNNNNNNNNNNNNNNNNNNNNNNNNNNNNNNNNNNNNN
NNNNNNNNNNNNNNNNNNNNNNNNNNNNNNNNNNNNNNNNNNNNNNNNNNNNNNNNNNNNNNNNNNNNNN
NNNNNNNNNNNNNNNNNNNNNNNNNNNNNNNNNNNNNNNNNNNNNNNNNNNNNNNNNNNNNNNNNNNNNN
NNNNNNNNNNNNNNNNNNNNNNNNNNNNNNNNNNNNNNNNNNNNNNNNNNNNNNNNNNNNNNNNNNNNNN
NNNNNNNNNNNNNNNNNNNNNNNNNNNNNNNNNNNNNNNNNNNNNNNNNNNNNNNNNNNNNNNNNNNNNN
NNNNNNNNNNNNNNNNNNNNNNNNNNNNNNNNNNNNNNNNNNNNNNNNNNNNNNNNNNNNNNNNNNNNNN
NNNNNNNNNNNNNNNNNNNNNNNNNNNNNNNNNNNNNNNNNNNNNNNNNNNNNNNNNNNNNNNNNNNNNN
NNNNNNNNNNNNNNNNNNNNNNNNNNNNNNNNNNNNNNNNNNNNNNNNNNNNNNNNNNNNNNNNNNNNNN
NNNNNNNNNNNNNNNNNNNNNNNNNNNNNNNNNNNNNNNNNNNNNNNNNNNNNNNNNNNNNNNNNNNNNN
NNNNNNNNNNNNNNNNNNNNNNNNNNNNNNNNNNNNNNNNNNNNNNNNNNNNNNNNNNNNNNNNNNNNNN
NNNNNNNNNNNNNNNNNNNNNNNNNNNNNNNNNNNNNNNNNNNNNNNNNNNNNNNNNNNNNNNNNNNNNN
NNNNNNNNNNNNNNNNNNNNNNNNNNNNNNNNNNNNNNNNNNNNNNNNNNNNNNNNNNNNNNNNNNNNNN
NNNNNNNNNNNNNNNNNNNNNNNNNNNNNNNNNNNNNNNNNNNNNNNNNNNNNNNNNNNNNNNNNNNNNN
NNNNNNNNNNNNNNNNNNNNNNNNNNNNNNNNNNNNNNNNNNNNNNNNNNNNNNNNNNNNNNNNNNNNNN
NNNNNNNNNNNNNNNNNNNNNNNNNNNNNNNNNNNNNNNNNNNNNNNNNNNNNNNNNNNNNNNNNNNNNN
NNNNNNNNNNNNNNNNNNNNNNNNNNNNNNNNNNNNNNNNNNNNNNNNNNNNNNNNNNNNNNNNNNNNNN
NNNNNNNNNNNNNNNNNNNNNNNNNNNNNNNNNNNNNNNNNNNNNNNNNNNNNNNNNNNNNNNNNNNNNN
NNNNNNNNNNNNNNNNNNNNNNNNNNNNNNNNNNNNNNNNNNNNNNNNNNNNNNNNNNNNNNNNNNNNNN
NNNNNNNNNNNNNNNNNNNNNNNNNNNNNNNNNNNNNNNNNNNNNNNNNNNNNNNNNNNNNNNNNNNNNN
NNNNNNNNNNNNNNNNNNNNNNNNNNNNNNNNNNNNNNNNNNNNNNNNNNNNNNNNNNNNNNNNNNNNNN
NNNNATGGCATTAAAGATAATTTTAATCTGGTATTAAATCAATTAGCGGAGTGGAAAGATTATTAGAGGG
GAAAATAGAATAATTTTTTTTTACTTTGAAGTGTTAGACGAGTCAAGTGGAATAATCGGAGTTATTTTTA
GGTTAGAATTGGATGGGGAAGAGGAAAAATTAAATTAAATTCAAATTGAGATTATTATAATTTTATTACC
TGTATTTAAAATTAAAAAAAAAAATAAAATTTAAAATTTCCTTCACCCAATAAGATTTTGTAGAATTGTG
TAGACGCATTAATAGTGGACGTGCAAAAATTGATTGGTTATTTTCATGAATTTTACATATAAGGTGACCG
AATTTTCCCAAAGATGAGCGATTATCTCTCCGAGATGACCTAATTTTCTCCCAAAATGACCAAATTTCCT
CGCAAGATGACCAAATTTCTTCCGAGATGATCAAATTTTCTCCTAAAATGATTGAATTTTCTCCTAAAAT
GATTGAATTTTCTCCAAAATGACCGAATTTTCTCCCGAGATGAACAAATTTATTTCCAAGATGACCGAAT
TTCCTAGCAATGTGACCGAATTTATTCCCAAGATTACCGAGTTTTCTTCCAAAACGACCGATTTTTCTCC
CGAGATGAACAAATTTATTCCCAAAATGACCAAACTTCAACCCAAGATGTCACAATTCCCACCCCAATTT
ATCAATTTCGTTCACTAAATTTCCTCCCAAAATGACCAAATTTTGAACCAAATCACCTAACCAAATGTCT
CTCTAATTGGCGATTTGACCTCTTCATCCGCTTCCATCCTCCATGCCTCGATAATATTTTCCCTAAAAAC
TACAATTGTAATTCGATAAGTGCCTTGCGGGAAAATTGCAGTTGGATCAACTCGATCATAATTCAAGGTT
ATATTGTTAGCCTCAAAGTCACCAAAATATGGGCACTCATGAATTGCTTTTGTTGAAGCTGTATCTTTTA
AAGTGTCAAGGACCAATTTGATATACGGATTTGTTGGAGCTCCTTTCATTATTGCACACCAATCCTGAAC
TTTTGTGTCGATAACTGGACGAAAGATGAGTCCGTAGCGATAGCTTAAGATGAATTGGATGTAAACCTTG
TTTATTGGAACCAAAATTGTAAGAGCAACATTTCCTGTTACAATATATTTCGAGTAAGCTTTNGTTATCA
GCTGAGCACCGGATAGATTTGAATCTTGAACGAACTTTCGGTGGTTCCGTAGTTCTGGGTTTTGCTGACG
TGGCTATTTGCAGACAAAGAAGCACGAATGTGCAACACATCAAGATAGATGCTCGGTTCATGGTGAAATG
AATGACAAACTATAAATTTTTTCTAAACGAAAAATGAATAATTGCTTACAATTTTTATTTTGATTATTAT
ATATATATATATTATTATATATTTAAAACAAATAATAGTTATTGATATAAATTGTTTTCGTCTGTAATGA
CTTATTTCCTCCGCAAATAATCAAAATTTTCCCAAGATGACCAAACTTTCTGTATAGATGAATTTTTTTC
CCAAGATGACTATTTTTCCAAAGATGATAATTTTTTCCCAAGATGACTAATTTCTTCCCAAAATGACTAA
ATTTTCCCAAGATGAACAAATTTCCTCCCAAGATGATAGAATTTTCAACAAAGTTTACCAAATTTGTTCA
GAAGATGACCAAACTTCCTCCCAAAACGACCGAATTTCGAACCAAATCACCTAACCAAAAGTCTCCCTTA
TTGGTGACTTCACTTCTTCGTCAGCTTCCATCCTAAAGGCTTCAATTTTATTTTCTTTGAAAAGTACAAT
CATTATCCGATAAGTGCCTTCTGGAAAAATTGCAGTTGGATCAACTCGATCATAATTCAAGGT"
